Class,cg12583591,cg20118409,cg03959661,cg23998200,cg09829843,cg10983586,cg24343273,cg07279321,cg16465882,cg11556416,cg05620558,cg13430450,cg24050671,cg15124950,cg09469111,cg02130555,cg09499482,cg05931551,cg12424329,cg02766391,cg12297546,cg10304534,cg18644543,cg07281688,cg25697357,cg13771378,cg09323768,cg17972631,cg07719965,cg06643951,cg10857441,cg15024277,cg01344243,cg07711397,cg27164753,cg22364435,cg21216944,cg26596975,cg15364548,cg13169641,cg16257484,cg17056132,cg12517410,cg07832203,cg00729275,cg16516973,cg09276883,cg15504666,cg18471474,cg09011162,cg09010629,cg19746719,cg24364084,cg03057216,cg02527886,cg15419183,cg01705989,cg19937212,cg02016987,cg00718541,cg21264443,cg26081762,cg15316734
stage1,0.8020089,0.9265833,0.0617,0.9198741,0.7369659,0.0226,0.0631,0.5811708,0.956794,0.0965,0.1734,0.925433,0.0424,0.7985143,0.5597343,0.9375057,0.7248815,0.8031963,0.1475887,0.0441,0.8248951,0.523878,0.2430017,0.0292,0.6451489,0.9534818,0.8505444,0.0439,0.842413,0.4064914,0.5499149,0.5090752,0.9025027,0.7522326,0.0374,0.8723563,0.8012306,0.9397545,0.0242,0.9433213,0.8778159,0.9043272,0.7338884,0.8513662,0.4844419,0.8633942,0.0585,0.9123477,0.9273648,0.9161599,0.897693,0.9812546,0.034,0.9079638,0.9790805,0.7101481,0.6796634,0.6961335,0.817358,0.940378,0.8945136,0.9331223,0.9639471
stage1,0.6526085,0.9232606,0.0704,0.9640498,0.7895234,0.0185,0.0503,0.4162721,0.9711853,0.1157815,0.4099371,0.8986573,0.0347,0.7848299,0.552197,0.9200534,0.6670815,0.743689,0.074,0.0514,0.8056853,0.7550318,0.240025,0.0266,0.6158147,0.9625634,0.8847642,0.0224,0.8808584,0.5957907,0.5930888,0.3510484,0.9135707,0.785698,0.0314,0.823844,0.8578305,0.9493507,0.022,0.9335508,0.9356352,0.8497355,0.8209082,0.8058324,0.4438901,0.8517368,0.0952,0.9011677,0.9117886,0.9191784,0.9043573,0.982536,0.0304,0.8791375,0.9737436,0.8504206,0.6267778,0.8580431,0.7670874,0.9237023,0.8951971,0.9447351,0.9783296
stage1,0.5258126,0.9455156,0.1066469,0.9612724,0.8131728,0.0176,0.0506,0.5273786,0.9683468,0.0934,0.393205,0.9397927,0.0356,0.7718479,0.5131777,0.930952,0.8480705,0.7541091,0.2090543,0.0567,0.8833268,0.6540633,0.2479673,0.032,0.4969927,0.9721239,0.9395911,0.0298,0.9023826,0.534583,0.6636579,0.5199971,0.9351801,0.8828012,0.0323,0.8934615,0.9058647,0.9577058,0.0212,0.9504129,0.9480577,0.8923539,0.7301165,0.8667401,0.4435638,0.7646406,0.1712034,0.9421346,0.9665151,0.9540501,0.9291551,0.9793802,0.0269,0.9411719,0.9841565,0.8400979,0.6765298,0.8821047,0.7299351,0.9353428,0.9382277,0.9479148,0.9782501
stage1,0.4406811,0.9058571,0.4259986,0.9580811,0.8844684,0.0218,0.052,0.2836579,0.9374969,0.0906,0.3581683,0.9106658,0.0462,0.7805123,0.7279079,0.9339938,0.6922148,0.7844444,0.1547243,0.0505,0.8317939,0.7270611,0.2517377,0.0296,0.4579111,0.9409963,0.8648623,0.0258,0.4884486,0.4033386,0.488139,0.0949,0.860074,0.791894,0.0331,0.8739993,0.8475534,0.9296016,0.0225,0.928022,0.9452022,0.8693115,0.6001354,0.8034421,0.5070664,0.7150407,0.1145555,0.896614,0.9262351,0.8768076,0.8906333,0.9794078,0.03,0.938864,0.7247343,0.7921877,0.481781,0.6842364,0.5703936,0.9246193,0.9099861,0.9493842,0.9681323
stage1,0.5700161,0.9389447,0.0631,0.9679803,0.7573937,0.0155,0.0648,0.8867117,0.9699767,0.1333256,0.1460187,0.7839044,0.0294,0.7479037,0.6599608,0.9614395,0.7338187,0.5187714,0.0715,0.056,0.9046612,0.3858824,0.2439213,0.0551,0.9433925,0.9292725,0.9182682,0.0275,0.8284245,0.4491681,0.5198071,0.4854291,0.9049543,0.8482941,0.0278,0.8621463,0.9074377,0.956847,0.0306,0.8642773,0.8898979,0.8844045,0.8519321,0.8256405,0.8397795,0.8988475,0.0359,0.9208438,0.9375466,0.9155945,0.8657253,0.9829959,0.0289,0.8999702,0.9305065,0.8632686,0.7533419,0.9469582,0.3818669,0.9212113,0.9533423,0.946704,0.9698529
stage1,0.443602,0.9190201,0.0463,0.9605312,0.5962989,0.0201,0.0517,0.2822688,0.9380088,0.082,0.2951374,0.8432388,0.0354,0.6878883,0.6335525,0.9467721,0.4832534,0.4528289,0.1014411,0.0517,0.790211,0.8474381,0.2567302,0.0494,0.4621663,0.9483434,0.8967171,0.0309,0.7635587,0.3436878,0.7404829,0.0609,0.7530334,0.7169255,0.0357,0.864075,0.802112,0.8131578,0.0246,0.8700319,0.8553324,0.8476733,0.542217,0.5644604,0.2704813,0.6251613,0.0823,0.9040454,0.9248446,0.8655863,0.8498201,0.9809408,0.0299,0.8931964,0.539906,0.8266868,0.5361343,0.4888744,0.7785205,0.8906108,0.904002,0.9284051,0.9740964
stage1,0.7072189,0.9086036,0.0664,0.9614065,0.673404,0.0247,0.0511,0.3722243,0.9453626,0.0948,0.5236346,0.9348306,0.0362,0.6451022,0.6949231,0.9566358,0.6124155,0.7942177,0.0787,0.0449,0.8481601,0.7358306,0.2627394,0.0503,0.5403989,0.9573696,0.8613576,0.025,0.8296378,0.4772216,0.5299836,0.1125661,0.9126745,0.8245776,0.021,0.8996012,0.8598988,0.9445985,0.0168,0.9387016,0.9625719,0.8455585,0.6975799,0.8891801,0.6070496,0.8363766,0.0669,0.9104854,0.9284363,0.8268975,0.9348593,0.9848502,0.0274,0.9307234,0.9607469,0.766199,0.6879692,0.7101819,0.7226054,0.9510195,0.9412949,0.9441197,0.9788574
stage1,0.6937329,0.904819,0.0608,0.4629459,0.3498478,0.0181,0.0521,0.4305623,0.9025075,0.0922,0.6407108,0.5610006,0.032,0.742386,0.3992535,0.938576,0.4519665,0.7061593,0.0737,0.0349,0.7971977,0.7518004,0.2556489,0.0562,0.8780711,0.961826,0.9224627,0.0277,0.6047359,0.3682041,0.6623063,0.0625,0.8513884,0.4460016,0.0323,0.8512136,0.8044197,0.9367456,0.0237,0.9192755,0.9392242,0.8038297,0.6631411,0.7602116,0.3712535,0.4287342,0.0355,0.8898004,0.9423706,0.8971359,0.7092726,0.6487866,0.0291,0.9303619,0.4760679,0.6465662,0.7695856,0.6370728,0.7467577,0.7970859,0.8566254,0.9334835,0.5150925
stage1,0.7270632,0.9153674,0.3461342,0.9601278,0.8127537,0.0209,0.0514,0.7915975,0.8698124,0.0575,0.4485471,0.9067819,0.0375,0.7692036,0.6294938,0.9409367,0.7989332,0.6092376,0.1555704,0.0706,0.8288536,0.7669533,0.2209086,0.0703,0.8173335,0.9670444,0.9393733,0.03,0.8530749,0.6123915,0.6345242,0.0593,0.9069101,0.8200434,0.0428,0.8937101,0.8471007,0.9196508,0.0344,0.9199287,0.9305134,0.8080592,0.8279906,0.8744018,0.440099,0.821867,0.0852,0.9150245,0.9141701,0.9047938,0.9161433,0.9730426,0.027,0.9528949,0.9820769,0.7110889,0.7352402,0.9271409,0.7569636,0.9441969,0.8791414,0.9422402,0.9514939
stage1,0.8368933,0.9175442,0.247841,0.9651968,0.7812559,0.018,0.0661,0.5109182,0.9365293,0.068,0.4461695,0.9022693,0.0328,0.763285,0.6660863,0.9099359,0.7322131,0.8593788,0.0984,0.0603,0.8355417,0.7107197,0.2530487,0.0269,0.7253937,0.9218119,0.9239861,0.0279,0.8477491,0.5203085,0.5761505,0.0387,0.9270209,0.8429304,0.0285,0.8615389,0.8114533,0.9231294,0.0208,0.8303378,0.9262279,0.8806695,0.7911829,0.8368957,0.5135707,0.8236315,0.1036016,0.9240771,0.8955,0.8719677,0.818352,0.9812359,0.0273,0.9028224,0.9805224,0.856062,0.6838367,0.9081523,0.7791938,0.9394483,0.8998889,0.9644369,0.9648305
stage1,0.6774492,0.9266479,0.1005967,0.9686095,0.7977331,0.0185,0.0502,0.6296372,0.9778875,0.0776,0.3243725,0.9310886,0.0474,0.7777032,0.6366472,0.9460976,0.7962645,0.7385147,0.0831,0.0554,0.8419889,0.5859291,0.2575708,0.0253,0.7390177,0.9562302,0.9176266,0.0258,0.8474211,0.5570178,0.5528908,0.5045918,0.9072869,0.7804115,0.0301,0.879383,0.8862101,0.9314955,0.0213,0.9349467,0.9391565,0.9128352,0.7535776,0.8331908,0.4726816,0.9119606,0.0643,0.9344562,0.9410552,0.9336549,0.8996371,0.9808748,0.0307,0.9323365,0.9833815,0.8720854,0.7761747,0.7870648,0.685139,0.9603475,0.9418134,0.9545498,0.9794886
stage1,0.6210006,0.8745828,0.1496639,0.9760209,0.6577176,0.0176,0.0537,0.6179266,0.9249304,0.1521483,0.3384681,0.8232652,0.0413,0.7915418,0.7497766,0.9601906,0.6775517,0.3888125,0.0813,0.0444,0.805425,0.5379521,0.257799,0.0297,0.8544045,0.9488718,0.9125664,0.0373,0.8836848,0.3400049,0.7810398,0.0353,0.8596394,0.7843105,0.0239,0.894856,0.8170655,0.953999,0.0191,0.944805,0.9496856,0.8828581,0.5139101,0.8208773,0.4055333,0.4768317,0.0776,0.9203169,0.9298186,0.9283878,0.8728825,0.9866634,0.0293,0.9272365,0.9218713,0.8365707,0.4791564,0.6705622,0.5681822,0.9425862,0.8937737,0.9376679,0.9746328
stage1,0.8146736,0.9086248,0.0367,0.9618899,0.7982258,0.0175,0.0661,0.5561416,0.969179,0.0957,0.4801673,0.8853611,0.0482,0.7475205,0.6138627,0.9129572,0.6186581,0.7893095,0.1411913,0.0542,0.8944615,0.7424622,0.2570422,0.029,0.6737527,0.9489764,0.8984856,0.036,0.7379302,0.4314525,0.3246185,0.1985391,0.8120623,0.798441,0.0367,0.8915246,0.8258324,0.9454731,0.0238,0.9152889,0.9195645,0.8160765,0.6983837,0.8524367,0.5315101,0.8028573,0.0925,0.8978255,0.9312433,0.9249941,0.8532541,0.9786717,0.0245,0.9338341,0.9807991,0.8494852,0.5642334,0.8535148,0.6645725,0.8500066,0.8918312,0.934545,0.9621875
stage1,0.7113369,0.9331534,0.0438,0.9638022,0.7297278,0.0137,0.0308,0.3613129,0.9546155,0.0995,0.5050617,0.9082986,0.0303,0.7469324,0.5916976,0.9485104,0.6631699,0.815581,0.1595725,0.0778,0.8624669,0.770564,0.2104186,0.0309,0.8642292,0.9542645,0.8900956,0.0275,0.8139505,0.4974288,0.5432437,0.0443,0.8599009,0.8671331,0.0249,0.8571454,0.852463,0.9266798,0.0202,0.9434608,0.950792,0.8456155,0.6617833,0.8838837,0.4021989,0.8435535,0.0363,0.9515737,0.9535525,0.9494344,0.9308938,0.9733525,0.022,0.9122156,0.9406733,0.7623923,0.7392412,0.9144022,0.8168299,0.957368,0.886979,0.9214171,0.9739606
stage1,0.164243,0.9385243,0.0439,0.9550556,0.3315565,0.0159,0.0512,0.5898305,0.6235921,0.072,0.2038993,0.3907737,0.0408,0.8300366,0.7058903,0.947774,0.2865338,0.2566111,0.0621,0.0558,0.8772106,0.8326631,0.2034486,0.0306,0.6128669,0.9323427,0.8529576,0.0214,0.8685245,0.1968934,0.5836567,0.0686,0.7480926,0.4375419,0.0293,0.8490876,0.8707067,0.7704268,0.0221,0.9177799,0.9117049,0.788518,0.6587282,0.8292896,0.1967787,0.571141,0.0313,0.899713,0.9554385,0.8732519,0.883718,0.9742197,0.0258,0.9299214,0.3773045,0.8851192,0.6508032,0.8524678,0.7737349,0.8489106,0.3066626,0.9218055,0.4006437
stage1,0.8777852,0.8935483,0.0509,0.957224,0.5675027,0.0182,0.0539,0.497969,0.9469944,0.0662,0.2778454,0.9060743,0.0361,0.7995198,0.5863949,0.9217945,0.7593247,0.6954523,0.0661,0.0641,0.7473499,0.8324435,0.2595627,0.1286975,0.4814033,0.9476036,0.9273676,0.0223,0.6653468,0.4109167,0.5531106,0.4746974,0.9450706,0.8227376,0.0339,0.7393514,0.8246516,0.9355726,0.024,0.8773682,0.8885556,0.9053166,0.5843554,0.8406486,0.3730521,0.8401499,0.067,0.9351091,0.9371753,0.8936811,0.864126,0.9832617,0.0255,0.9208529,0.9832979,0.9270392,0.8061403,0.6048074,0.6873832,0.9229703,0.9183984,0.9450324,0.9750394
stage1,0.7650836,0.9052005,0.3572031,0.9543498,0.7605323,0.0187,0.0415,0.4566244,0.9626499,0.0887,0.4018332,0.8682469,0.0311,0.7120368,0.5796522,0.9396874,0.7273147,0.7487791,0.2129743,0.0507,0.8467176,0.7196541,0.2391232,0.0491,0.5040928,0.942558,0.9186479,0.0232,0.7062454,0.4119361,0.5959217,0.0446,0.861442,0.8130816,0.0267,0.8940877,0.8127397,0.965757,0.023,0.8331066,0.8835345,0.8504437,0.5931738,0.8277593,0.4979686,0.615293,0.1254412,0.9346009,0.9367972,0.7637418,0.833253,0.9811808,0.0272,0.9318625,0.982237,0.6104899,0.6122797,0.8273861,0.7552287,0.9132506,0.8837535,0.9500388,0.9722421
stage1,0.6589069,0.9075837,0.065,0.9490221,0.6898037,0.0172,0.0549,0.3960675,0.9261955,0.077,0.3598011,0.9256541,0.0664,0.7155918,0.6279765,0.9373697,0.6553289,0.6652069,0.1350598,0.0546,0.8814273,0.6292878,0.2542458,0.0421,0.497579,0.9488697,0.9208601,0.0257,0.8535945,0.3655243,0.5920644,0.2382065,0.8822675,0.797817,0.022,0.8689426,0.8718586,0.9359005,0.0223,0.9243152,0.944765,0.7952046,0.5843131,0.7746872,0.341055,0.6923103,0.083,0.9085567,0.9604741,0.9387565,0.931792,0.9810466,0.0292,0.920935,0.9186431,0.7388874,0.6378826,0.7778862,0.7540533,0.9151722,0.9234071,0.9352147,0.9314902
stage1,0.5603325,0.9019486,0.0542,0.9329164,0.5785665,0.0119,0.0742,0.2914452,0.9228802,0.0848,0.2465502,0.8912999,0.0283,0.7537334,0.5635987,0.9447085,0.6077142,0.7025742,0.0815,0.0455,0.8199815,0.6556898,0.2334491,0.0332,0.4151303,0.9621022,0.9046253,0.0326,0.7158397,0.3802783,0.5551994,0.0659,0.9246161,0.8234905,0.024,0.8507671,0.7606782,0.9521227,0.0202,0.9461014,0.9416543,0.8255709,0.5636764,0.7889533,0.2841423,0.8920181,0.0741,0.9033998,0.9340076,0.8093686,0.9201731,0.9816258,0.027,0.9323794,0.5782803,0.898134,0.5939806,0.5880687,0.6617322,0.949415,0.9405689,0.9380706,0.9788412
stage1,0.7650128,0.9263996,0.0747,0.9607927,0.8343307,0.0178,0.046,0.525833,0.9561723,0.0909,0.4325447,0.9197219,0.0287,0.7554282,0.6127126,0.9329131,0.648887,0.7903513,0.1200644,0.0443,0.8546224,0.7778739,0.2803958,0.0528,0.7898064,0.9662593,0.883505,0.026,0.8247913,0.5642761,0.5848902,0.4394857,0.9048255,0.8289578,0.0249,0.8748947,0.8661594,0.9563896,0.0206,0.8987875,0.9445806,0.8545284,0.8541375,0.8481973,0.5309514,0.895519,0.0814,0.8798143,0.907695,0.927441,0.917941,0.9856845,0.0264,0.9194115,0.9831468,0.8106486,0.6933434,0.8242786,0.7560534,0.8797508,0.9344419,0.9376474,0.9804953
stage1,0.7666313,0.9010701,0.0904,0.9471249,0.7416367,0.0234,0.0427,0.545249,0.9524544,0.0916,0.4354596,0.8908728,0.0393,0.7722572,0.5586977,0.8978048,0.69645,0.8469864,0.0831,0.0515,0.8145734,0.5256251,0.2590594,0.0465,0.6185457,0.9532024,0.9175385,0.0284,0.8217622,0.4589305,0.6251662,0.4004618,0.8896276,0.8126113,0.0271,0.9045337,0.8340001,0.9187382,0.0221,0.9295117,0.9458286,0.8221602,0.6363654,0.7741073,0.4671091,0.8231536,0.0822,0.8909989,0.9260219,0.9121156,0.9139543,0.9826543,0.0236,0.9357497,0.9846777,0.8525234,0.6861516,0.8479517,0.69026,0.916007,0.8723431,0.946937,0.97793
stage1,0.38845,0.9338745,0.0657,0.9611478,0.787413,0.0162,0.0691,0.3137257,0.9166272,0.0973,0.4615584,0.8952709,0.0391,0.7130961,0.5844071,0.9160837,0.6551969,0.7366339,0.0603,0.0412,0.7997153,0.7208073,0.249692,0.0258,0.282576,0.9521376,0.9181401,0.0322,0.5433878,0.3880263,0.5055815,0.3707347,0.6969861,0.7749348,0.0385,0.8537741,0.8488573,0.9335932,0.0223,0.768251,0.928296,0.8561779,0.6052368,0.8236537,0.3221299,0.6851472,0.0465,0.8995156,0.9230216,0.6546151,0.8290454,0.9800707,0.032,0.8606714,0.98466,0.8626347,0.4343802,0.6730731,0.6544344,0.8472019,0.8766346,0.9351618,0.9702736
stage1,0.9192171,0.9424569,0.051,0.8976645,0.4268558,0.0193,0.0625,0.5649426,0.9272531,0.0829,0.3705175,0.9281391,0.0384,0.797524,0.6602117,0.9453797,0.7643469,0.6553026,0.1559409,0.0551,0.8957362,0.7251085,0.197883,0.0727,0.7188436,0.9526232,0.8809602,0.0454,0.8413066,0.4804692,0.4566078,0.1002714,0.9319893,0.8433232,0.0466,0.867621,0.8698419,0.9350001,0.0426,0.9177543,0.9073238,0.888386,0.7776389,0.8731519,0.7293966,0.9201159,0.0892,0.9238347,0.9341442,0.8889858,0.8429815,0.9458469,0.0336,0.9359828,0.9838563,0.4367415,0.8201632,0.9433571,0.6679819,0.9527813,0.8969662,0.9362467,0.955674
stage1,0.3819118,0.9019501,0.0643,0.9703833,0.804416,0.0164,0.0504,0.3758488,0.9490259,0.0755,0.1527196,0.6332928,0.0482,0.7971545,0.6677039,0.9069519,0.7620612,0.6996409,0.1329233,0.0429,0.8482402,0.7735983,0.2713939,0.0394,0.8878131,0.9596681,0.909203,0.0246,0.6364604,0.463873,0.6745634,0.03,0.8911707,0.8245386,0.0298,0.8724494,0.8904168,0.9380194,0.0207,0.3939675,0.9091315,0.9125206,0.5427195,0.8302318,0.4250006,0.6572817,0.0587,0.9353829,0.8872256,0.9362738,0.8378085,0.9850374,0.0259,0.9165826,0.9865285,0.388242,0.5768088,0.6815323,0.7211028,0.9299747,0.8837907,0.9581704,0.9724332
stage1,0.6662285,0.9289005,0.0736,0.9601434,0.8053299,0.0237,0.0456,0.6986967,0.9244151,0.08,0.5600985,0.9040384,0.0493,0.778195,0.7462074,0.91206,0.6959889,0.8607744,0.0975,0.0533,0.8519318,0.7556036,0.2442137,0.0581,0.8661419,0.9595792,0.9053227,0.0234,0.6637142,0.5462887,0.5992506,0.4731002,0.8806849,0.7757937,0.0297,0.9007002,0.8094109,0.9208106,0.0255,0.9427519,0.9490847,0.9072169,0.8362544,0.8493608,0.4775135,0.6134032,0.0858,0.9176197,0.9048805,0.9292098,0.9157415,0.9834187,0.0228,0.9248595,0.9839844,0.7609149,0.7584681,0.7879874,0.7317734,0.924941,0.9038762,0.9458999,0.9758263
stage1,0.7329976,0.9032026,0.0814,0.9409966,0.8002577,0.016,0.0558,0.5940774,0.9290595,0.0688,0.3362576,0.8977289,0.0259,0.7298879,0.6065318,0.9247243,0.6337268,0.7223321,0.0613,0.0648,0.8151455,0.720857,0.2803116,0.052,0.6906232,0.9229679,0.8387011,0.026,0.8172771,0.5086721,0.5532077,0.0478,0.8883661,0.7724862,0.0286,0.8723516,0.817872,0.9023697,0.0214,0.9144545,0.9155031,0.7747052,0.7990135,0.7864456,0.4772783,0.7958138,0.0788,0.8503602,0.9358715,0.9310692,0.8747861,0.9768267,0.0275,0.8814879,0.951212,0.7496259,0.570865,0.8620994,0.7631561,0.9452188,0.8743668,0.9237934,0.9654319
stage1,0.5105049,0.9259067,0.0567,0.709753,0.53655,0.0153,0.0449,0.5274183,0.8669609,0.074,0.2695421,0.5630791,0.0341,0.7995114,0.6357239,0.9390057,0.6288788,0.7056524,0.0826,0.0631,0.8100406,0.5815691,0.2542179,0.0383,0.5580008,0.9617962,0.773435,0.0261,0.8938654,0.407761,0.5797848,0.2428546,0.9268929,0.7020247,0.0299,0.7502119,0.8634448,0.9515711,0.0232,0.9399945,0.9351817,0.8176663,0.7370447,0.5532993,0.328288,0.8816713,0.0727,0.922319,0.9262128,0.9397621,0.9032928,0.8719301,0.0277,0.9111702,0.9261971,0.7271003,0.5573973,0.7225971,0.6798474,0.9167475,0.9313293,0.9382707,0.962491
stage2,0.842875,0.9360717,0.054,0.3581756,0.6068859,0.0228,0.0796,0.4857355,0.9419373,0.1142753,0.1484772,0.5878985,0.0405,0.7650055,0.5077258,0.8923792,0.4914665,0.7744055,0.1198074,0.0503,0.9061942,0.6168422,0.2707771,0.0564,0.9182415,0.94707,0.6239142,0.0367,0.4413072,0.3614765,0.7466355,0.0997,0.8330182,0.5262953,0.036,0.621214,0.8833958,0.9186111,0.026,0.9355639,0.9337428,0.7493971,0.5052007,0.5416558,0.4563023,0.4149177,0.036,0.9151422,0.9217171,0.8146562,0.8248072,0.4845187,0.0316,0.9361977,0.9843471,0.7987296,0.478386,0.6424857,0.8210195,0.8649076,0.4845453,0.9328986,0.9695926
stage2,0.7933445,0.9176978,0.0808,0.4172709,0.7005665,0.024,0.0383,0.4522825,0.9678918,0.1030794,0.2509995,0.9310284,0.048,0.7356207,0.6759728,0.9291438,0.6946338,0.3051805,0.0992,0.0351,0.7327096,0.5969202,0.2666465,0.0347,0.8701661,0.9468471,0.9192856,0.0282,0.5563663,0.6275491,0.7813859,0.0325,0.823484,0.8306306,0.0318,0.7993709,0.8687803,0.9533944,0.0246,0.9321562,0.9498351,0.8567771,0.3327087,0.8042894,0.2794584,0.2818599,0.0479,0.9476505,0.9581956,0.9365623,0.9146525,0.5868037,0.0265,0.9471038,0.9819482,0.6092076,0.4532114,0.4612586,0.8125678,0.93244,0.8504333,0.943637,0.9820236
stage2,0.772061,0.9086167,0.0922,0.954427,0.7282754,0.0192,0.0648,0.5571559,0.9694798,0.139541,0.3908397,0.8615526,0.0392,0.7654363,0.5221874,0.934145,0.6464787,0.8372287,0.2075278,0.0728,0.8863765,0.7352722,0.2682582,0.0457,0.644945,0.9153879,0.9425388,0.0373,0.611327,0.5029248,0.6695132,0.0683,0.9070437,0.8361304,0.0335,0.9101902,0.8288199,0.9624057,0.0256,0.8794254,0.9019728,0.8057173,0.768897,0.8221455,0.4791206,0.7672794,0.0882,0.9298952,0.9396567,0.8323977,0.8781123,0.9843089,0.0396,0.9411253,0.9813603,0.7479781,0.7451373,0.9127612,0.7656501,0.9382454,0.9170546,0.9316171,0.9709325
stage2,0.6376272,0.9113811,0.071,0.5463939,0.6409126,0.0165,0.0831,0.4470074,0.9756597,0.1499756,0.4525532,0.7420115,0.0245,0.7979846,0.5262267,0.9139287,0.6403597,0.7900284,0.0736,0.0327,0.7225332,0.5264459,0.1712851,0.0245,0.6552037,0.9277016,0.9278306,0.0375,0.8413834,0.5208495,0.4349853,0.0708,0.7863378,0.8435751,0.0272,0.7847109,0.868566,0.9798168,0.0216,0.8823984,0.9395174,0.8511554,0.7721299,0.7228344,0.5753551,0.8341861,0.0534,0.9235138,0.9370053,0.747504,0.9193856,0.7683718,0.0345,0.9391558,0.9741462,0.7066513,0.5710226,0.9228642,0.8382155,0.9281534,0.9314647,0.8973247,0.9801624
stage2,0.4888074,0.8957243,0.0537,0.6325808,0.8553311,0.0288,0.0561,0.3373734,0.913166,0.0959,0.3723442,0.8977439,0.0466,0.7680869,0.4234111,0.9187293,0.6125097,0.5435671,0.0684,0.0434,0.6779179,0.556611,0.3127611,0.0401,0.5622406,0.951393,0.9304472,0.0257,0.8669014,0.3230669,0.5083263,0.1007169,0.8908947,0.7743883,0.0295,0.7459524,0.8114447,0.9407199,0.0236,0.9020021,0.9288309,0.8350026,0.3460817,0.8112568,0.3443153,0.8734325,0.0463,0.9034297,0.9088115,0.9190188,0.9298459,0.7874459,0.0298,0.9297693,0.9854155,0.7263156,0.5887707,0.726675,0.4633229,0.9244502,0.8322075,0.9355738,0.9566522
stage2,0.8246064,0.9169497,0.2684254,0.7790262,0.7778323,0.0212,0.0657,0.5165571,0.8905914,0.0767,0.3429148,0.6805995,0.0417,0.8166511,0.571017,0.8852297,0.4962259,0.6899896,0.0618,0.0317,0.656818,0.4684999,0.2272966,0.0231,0.718494,0.9514709,0.6957368,0.0296,0.7677343,0.5118087,0.3266073,0.086,0.9103129,0.6517665,0.0301,0.9098585,0.6281342,0.9290252,0.0191,0.9307814,0.9495419,0.759364,0.8524461,0.8140079,0.4372051,0.8829636,0.0346,0.9019626,0.923386,0.9252227,0.8861505,0.94189,0.0284,0.9146795,0.5833294,0.8607725,0.7406696,0.9280159,0.7739146,0.9273261,0.8900107,0.9214775,0.9828942
stage2,0.883296,0.9192554,0.0509,0.9458548,0.8913344,0.0224,0.0703,0.5561412,0.9632436,0.1005392,0.3401439,0.8754906,0.0571,0.6773495,0.7017869,0.9022417,0.705284,0.7623065,0.0896,0.0442,0.8721501,0.7025098,0.286576,0.0416,0.7980583,0.9371633,0.9179652,0.0282,0.8378362,0.4843613,0.6393836,0.3365998,0.9116133,0.7791873,0.0279,0.8380976,0.8546008,0.9255104,0.0239,0.9269343,0.93021,0.8737894,0.8099151,0.8199667,0.5382665,0.7857908,0.0724,0.9294148,0.9381508,0.9253931,0.8957518,0.9805161,0.0321,0.9205625,0.9814108,0.7564301,0.7514263,0.8166797,0.7655071,0.9338334,0.9326003,0.9496189,0.9789503
stage2,0.9057236,0.9106421,0.074,0.9548118,0.8666767,0.0199,0.0571,0.6031056,0.9386599,0.2728296,0.4423462,0.895187,0.0553,0.8004106,0.5092358,0.9240652,0.7779835,0.8184174,0.4647466,0.0546,0.8469451,0.8758984,0.2796713,0.1040899,0.4386745,0.9472238,0.9411619,0.0307,0.6290329,0.3773005,0.5707504,0.0408,0.8138108,0.7219245,0.0303,0.8971932,0.8697851,0.9248667,0.025,0.8653474,0.9110242,0.9152932,0.6655076,0.8741883,0.3717561,0.6145865,0.041,0.9136868,0.9366427,0.8958656,0.8612383,0.9825271,0.0304,0.9410404,0.9863413,0.7235347,0.7711149,0.8897801,0.7404868,0.9477114,0.9162853,0.9163818,0.9670353
stage2,0.7816737,0.9135831,0.0475,0.9506801,0.6240608,0.0204,0.054,0.4891977,0.967691,0.1262678,0.3113605,0.936347,0.0534,0.7040976,0.6059618,0.9192055,0.7474558,0.6067615,0.1157639,0.048,0.7801209,0.6854378,0.2741406,0.0425,0.878516,0.9500978,0.8694368,0.0282,0.8639138,0.5383478,0.6904215,0.3618773,0.9076306,0.7706605,0.0317,0.9080592,0.8352333,0.9363572,0.0205,0.4646403,0.9450678,0.8634074,0.8252958,0.727962,0.5313119,0.8800455,0.0505,0.9060283,0.9332576,0.9189588,0.867443,0.980775,0.0298,0.9092015,0.771195,0.4472055,0.7229917,0.9454123,0.5287225,0.9288026,0.8478594,0.9163467,0.965486
stage2,0.7126668,0.9260278,0.0579,0.9204176,0.8874316,0.0207,0.0534,0.560327,0.9759822,0.0624,0.496498,0.9355905,0.0531,0.8079225,0.8009701,0.9027713,0.7467859,0.7085923,0.3034495,0.049,0.8822511,0.5976632,0.2565881,0.0399,0.5786712,0.9607515,0.9397981,0.0264,0.8566971,0.4031253,0.6214954,0.3731009,0.6486104,0.8633772,0.0266,0.9106871,0.9068898,0.9489993,0.0258,0.9457927,0.9558576,0.8791182,0.6388932,0.8674997,0.4142097,0.6061393,0.1271905,0.920185,0.9136606,0.9338831,0.8848536,0.9807909,0.0331,0.9138483,0.9882634,0.5414393,0.6479957,0.7973681,0.766424,0.9259024,0.9061576,0.9312485,0.9754493
stage2,0.7017825,0.9126383,0.0735,0.7218137,0.7166185,0.0258,0.0754,0.4977113,0.9043313,0.1117794,0.3850984,0.8700391,0.0557,0.7507847,0.6015245,0.9104373,0.6811634,0.7714926,0.1167772,0.0399,0.7965016,0.6417657,0.2772576,0.037,0.6699022,0.9530878,0.883714,0.0288,0.8030122,0.4461099,0.5312966,0.3438711,0.9069417,0.7960318,0.0246,0.8064657,0.8148325,0.9332952,0.0257,0.7667895,0.9574171,0.7803487,0.7186554,0.8274891,0.4721474,0.8280028,0.075,0.8634409,0.948779,0.9180457,0.8874446,0.932537,0.0278,0.9208304,0.9826558,0.796555,0.7016745,0.7773843,0.7373288,0.9244063,0.8984536,0.9320088,0.9778989
stage2,0.9124437,0.89895,0.0795,0.6789982,0.1949019,0.0255,0.0714,0.8342898,0.9134592,0.1143563,0.1181312,0.9223324,0.0569,0.4391429,0.4611648,0.9299798,0.7084963,0.9199808,0.1234128,0.0468,0.7673915,0.2442399,0.2640042,0.0838,0.9026699,0.9619127,0.6168134,0.0298,0.6608051,0.2293782,0.1710224,0.4287348,0.4831053,0.5420059,0.0281,0.8906191,0.8682786,0.9286825,0.0279,0.9267268,0.9381851,0.6754518,0.6201571,0.8588545,0.4295876,0.1640185,0.0323,0.8998446,0.9440403,0.9462304,0.9310286,0.8727357,0.03,0.9273617,0.6065363,0.6828864,0.4390984,0.6787555,0.7830491,0.9161305,0.6181698,0.9290363,0.9427426
stage2,0.7306819,0.908757,0.0651,0.7706112,0.8422226,0.0186,0.0522,0.5488126,0.9460061,0.0892,0.4185293,0.8242789,0.0432,0.7376542,0.713424,0.9161489,0.7240711,0.6990544,0.0919,0.0489,0.8510717,0.6965919,0.279023,0.1759297,0.5888618,0.9584142,0.8453489,0.0287,0.8601847,0.5299744,0.6009877,0.0942,0.91367,0.7744637,0.0272,0.8891233,0.8721111,0.9400101,0.0276,0.8952601,0.9465576,0.8768675,0.5481009,0.851063,0.4763973,0.8773531,0.0601,0.871227,0.9334997,0.9314517,0.8971936,0.9069413,0.0377,0.9238003,0.98918,0.8905939,0.6898442,0.8540566,0.7975789,0.9363869,0.9138134,0.9071005,0.9792442
stage2,0.7031541,0.9009257,0.0747,0.914173,0.7998578,0.0233,0.0571,0.586686,0.8620978,0.0772,0.4286919,0.8581513,0.0527,0.7519941,0.5810961,0.9148623,0.6887273,0.7982636,0.1250026,0.0436,0.8655747,0.5933335,0.2340555,0.0582,0.8145704,0.9399864,0.9141916,0.0378,0.8071557,0.4602847,0.6621864,0.303805,0.8531373,0.8348004,0.0381,0.8418272,0.8522138,0.9197474,0.0356,0.8950239,0.9313216,0.8639102,0.8228205,0.8219519,0.5310274,0.8733594,0.097,0.9162454,0.935707,0.9242335,0.8786888,0.9674703,0.0337,0.9394275,0.9703762,0.7143706,0.667105,0.8414939,0.7382056,0.9325286,0.9016254,0.9192461,0.9454238
stage2,0.5754817,0.9054204,0.0596,0.8076266,0.6582502,0.0174,0.0704,0.4515819,0.918275,0.1162373,0.3419019,0.8654355,0.046,0.6984978,0.505851,0.9232236,0.6271487,0.8539843,0.1102739,0.0484,0.8669306,0.6056527,0.2434847,0.0444,0.6803546,0.9191925,0.8925517,0.0402,0.8039333,0.4300509,0.5244874,0.3575013,0.7941975,0.8028384,0.0313,0.7685158,0.7514886,0.9218773,0.0305,0.8788531,0.871601,0.8696907,0.6447091,0.8354242,0.4266512,0.7251491,0.0637,0.9348164,0.943554,0.6823973,0.788343,0.9691265,0.0308,0.9251557,0.97526,0.6658834,0.524556,0.7519927,0.7127226,0.8714586,0.8639561,0.9309486,0.9730497
stage2,0.6981265,0.9416216,0.0561,0.4839004,0.8511972,0.0261,0.0584,0.4742696,0.978931,0.1377857,0.3414938,0.9131763,0.0524,0.7374804,0.7098481,0.9238785,0.8010082,0.840705,0.0937,0.0527,0.9072776,0.5878182,0.2695693,0.0484,0.3317444,0.9576465,0.9413318,0.0242,0.7320383,0.3336357,0.5635173,0.4013831,0.8152063,0.7913169,0.0286,0.9052217,0.8292438,0.9455547,0.0279,0.9596517,0.9416465,0.8940006,0.5587729,0.8287778,0.4476603,0.4638593,0.0649,0.9294086,0.9144482,0.940266,0.9063885,0.6244642,0.0304,0.9250477,0.9865618,0.7044618,0.666406,0.8154832,0.7831233,0.9568633,0.9136131,0.9297061,0.9739154
stage2,0.6759248,0.9073166,0.3263637,0.9578355,0.8291403,0.0282,0.0798,0.5725029,0.871891,0.1060645,0.5382762,0.873006,0.0571,0.7706727,0.4352509,0.897316,0.5573551,0.5896333,0.1011267,0.05,0.841879,0.8849124,0.2862544,0.0468,0.4505793,0.9643451,0.9310408,0.0358,0.758423,0.35626,0.6696609,0.1306817,0.903609,0.7664319,0.033,0.8148248,0.8136851,0.9455063,0.0287,0.9312178,0.958268,0.7797244,0.7499512,0.8353706,0.366658,0.7244448,0.0838,0.9029773,0.9390978,0.9246655,0.8890812,0.9754792,0.0358,0.9199297,0.9637542,0.9312336,0.5279761,0.6658849,0.8313112,0.9242225,0.9284551,0.9336874,0.9443424
stage2,0.8223372,0.9348979,0.0646,0.7027996,0.7140055,0.0217,0.0688,0.5076648,0.9305297,0.1020572,0.3017238,0.9297841,0.0432,0.7822009,0.5328418,0.9143056,0.6347679,0.6849983,0.0978,0.0476,0.7911538,0.593877,0.2739977,0.0397,0.7825929,0.963766,0.9059934,0.0293,0.8186613,0.5750612,0.6627355,0.2528298,0.9263946,0.8066322,0.0305,0.8719766,0.8812075,0.9251255,0.0295,0.9309544,0.9512378,0.8621778,0.8542989,0.7787618,0.373478,0.8434889,0.0656,0.9171172,0.9240268,0.9494673,0.9219923,0.8400915,0.0277,0.9297444,0.9812303,0.749375,0.7599197,0.8352191,0.8354907,0.9290157,0.9194979,0.928022,0.9762429
stage2,0.6206876,0.9131393,0.0719,0.9660835,0.7953459,0.0198,0.0614,0.3915055,0.9571191,0.124107,0.3501479,0.912454,0.0505,0.7916587,0.6004364,0.927441,0.6719502,0.9014108,0.1053372,0.0467,0.8036527,0.5936698,0.2746105,0.0304,0.6173968,0.9587316,0.9086999,0.0309,0.6574043,0.4386327,0.6486777,0.1175938,0.8203329,0.592526,0.0326,0.8733879,0.8223883,0.9171872,0.0223,0.9112856,0.9376742,0.9045539,0.6517451,0.7931106,0.5616712,0.6460326,0.1110779,0.9341149,0.9249951,0.871039,0.8989104,0.9823388,0.0353,0.9320213,0.9798591,0.9075901,0.5088128,0.8143794,0.7814058,0.9170492,0.8972286,0.9389396,0.9738245
stage2,0.8463864,0.9259606,0.0649,0.9469148,0.7308404,0.0187,0.0652,0.5902609,0.9611796,0.0906,0.4281671,0.9123532,0.0574,0.7616406,0.5534303,0.9020616,0.8029299,0.8608355,0.0994,0.047,0.8344637,0.5641617,0.2686192,0.0317,0.6137809,0.9558129,0.9155297,0.0285,0.7711596,0.4510043,0.4508848,0.0705,0.9343647,0.8128746,0.0338,0.8677993,0.8243564,0.9329433,0.0302,0.9309136,0.9326849,0.8947458,0.7282682,0.8161753,0.6225548,0.7344361,0.0577,0.9021437,0.914525,0.9230179,0.8837167,0.9815022,0.0374,0.9270717,0.9881042,0.8309578,0.5552987,0.9116346,0.803042,0.9304165,0.9023417,0.9307599,0.9699844
stage2,0.6633207,0.9167264,0.2689951,0.9616625,0.9144785,0.0193,0.0587,0.5370428,0.9556326,0.0964,0.5395892,0.9014195,0.0466,0.8091686,0.6083432,0.9294681,0.7322874,0.7381376,0.0911,0.0437,0.8611953,0.5439536,0.2711566,0.0321,0.6404138,0.9483543,0.9360413,0.0293,0.8746256,0.4589443,0.6485749,0.0641,0.8533003,0.8289653,0.0367,0.8851582,0.9025086,0.9414744,0.0268,0.9351667,0.9334875,0.9179068,0.6453542,0.8426152,0.469307,0.7329108,0.0553,0.9225253,0.9355651,0.9423372,0.9325639,0.982672,0.0323,0.9319484,0.9707119,0.7422875,0.7522491,0.7402167,0.7802231,0.9300759,0.9039324,0.9519207,0.9431592
stage2,0.4332312,0.9200933,0.4648756,0.7302688,0.6750862,0.0229,0.0608,0.3433615,0.9759265,0.0952,0.3165142,0.8995508,0.0304,0.7868027,0.3791773,0.8980623,0.8057076,0.7573352,0.5861346,0.0324,0.6422564,0.3906416,0.2659513,0.0262,0.8324808,0.9086422,0.9263655,0.0275,0.8112259,0.3862041,0.579994,0.5864323,0.6284666,0.8014918,0.0307,0.8929324,0.8732835,0.948817,0.0249,0.930059,0.952209,0.9082046,0.7466788,0.6497655,0.5623445,0.4076926,0.0896,0.9255902,0.9276001,0.9080995,0.9046434,0.8563165,0.0332,0.9219998,0.987311,0.7915723,0.4870425,0.8699428,0.8245549,0.9387598,0.5156875,0.9315312,0.9708477
stage2,0.7020337,0.8728257,0.058,0.9218288,0.8547397,0.0228,0.0586,0.5937244,0.9649878,0.1116711,0.4791631,0.9127548,0.048,0.71722,0.7169523,0.9254926,0.7531288,0.8073832,0.1286131,0.0482,0.9040378,0.6678731,0.237876,0.0452,0.5084947,0.9594466,0.9023209,0.0295,0.7260326,0.4597913,0.5893878,0.2906358,0.8814853,0.8006445,0.0303,0.7768852,0.8724536,0.9421735,0.0222,0.9070569,0.9380789,0.8803894,0.6734226,0.8589339,0.4040252,0.6816931,0.0812,0.9181785,0.9496442,0.8867619,0.8612715,0.9760058,0.0239,0.9492576,0.9858836,0.8198669,0.7682222,0.7521809,0.7537923,0.9111956,0.8897284,0.9385606,0.9846239
stage2,0.5654921,0.9126663,0.4717814,0.9107234,0.849529,0.0206,0.0752,0.3385986,0.8891739,0.117551,0.6424764,0.5690453,0.0582,0.6937053,0.7502362,0.9087131,0.4971097,0.58858,0.0429,0.0412,0.8614335,0.720156,0.2406693,0.0383,0.9051433,0.9161285,0.9297488,0.0306,0.5107553,0.3390329,0.775185,0.1419523,0.710836,0.7695492,0.0333,0.7298901,0.8869779,0.762687,0.034,0.927275,0.9349227,0.4900992,0.3437898,0.5092493,0.3842118,0.3321934,0.027,0.9195503,0.9272364,0.9223788,0.8802253,0.9643939,0.0327,0.9387025,0.691058,0.9393476,0.7088909,0.4964235,0.8053652,0.9178842,0.7411737,0.9310713,0.868045
stage2,0.6388712,0.9145741,0.0641,0.7475566,0.6787889,0.0185,0.0582,0.4147787,0.870518,0.1021908,0.3035389,0.8071993,0.0409,0.7402928,0.4669457,0.9222188,0.7198949,0.7019904,0.1036688,0.0465,0.8109787,0.659974,0.2431289,0.0626,0.4916806,0.9500062,0.9286538,0.0259,0.6508451,0.4633438,0.5165511,0.0796,0.8852796,0.7653644,0.0289,0.8441238,0.8086052,0.9303503,0.0252,0.9452847,0.9313359,0.8532425,0.8835536,0.8303962,0.4475622,0.6714673,0.0605,0.8700513,0.9163009,0.9031805,0.8787714,0.9702437,0.029,0.9342398,0.9875794,0.6649815,0.5361295,0.7657508,0.7617919,0.9371002,0.8521088,0.9189358,0.97516
stage2,0.8212468,0.8894137,0.0505,0.9362368,0.7369358,0.0192,0.0741,0.8411499,0.9549582,0.0789,0.242923,0.7948457,0.0582,0.7031884,0.7039019,0.909208,0.7778003,0.8394204,0.1380218,0.0464,0.8373328,0.6869729,0.2662038,0.0449,0.8050432,0.8944801,0.9117386,0.0384,0.6487317,0.6717018,0.6770597,0.0684,0.8591121,0.8557087,0.0388,0.9008287,0.791076,0.9199409,0.0274,0.8053479,0.8412445,0.7971086,0.7022294,0.7932056,0.74662,0.8495204,0.0526,0.9273191,0.9275004,0.8693895,0.8012263,0.9741164,0.0308,0.9252662,0.980139,0.856058,0.7234545,0.9193988,0.7377142,0.9221044,0.8634231,0.9222579,0.968522
stage2,0.8567999,0.9211915,0.0694,0.3478296,0.8378006,0.0214,0.0725,0.7864839,0.9602386,0.1115027,0.4922664,0.9195564,0.0397,0.7831328,0.7520029,0.9369211,0.8470938,0.8112927,0.0808,0.0474,0.8847526,0.6199534,0.2771253,0.0577,0.8327108,0.9554796,0.9188663,0.0278,0.8640069,0.6390965,0.5948072,0.0657,0.9046135,0.7381081,0.0282,0.910296,0.9043511,0.9458791,0.0279,0.9105674,0.9488238,0.8610848,0.8117562,0.7889915,0.6677491,0.9003086,0.0541,0.931176,0.9136562,0.928759,0.8887714,0.4767489,0.0377,0.9319453,0.9849493,0.7016541,0.7280583,0.9398707,0.7349294,0.9105867,0.9150202,0.939357,0.9554601
stage3,0.4501943,0.9058734,0.0336,0.8550922,0.7704165,0.0176,0.0664,0.2825413,0.9112222,0.0836,0.2097884,0.9333803,0.0573,0.6249466,0.4086078,0.901371,0.7026225,0.4492076,0.2196481,0.0462,0.8784395,0.6927568,0.2672681,0.0359,0.3519745,0.9337982,0.9238633,0.0316,0.4693245,0.3432009,0.6495466,0.0737,0.7016185,0.7499184,0.0403,0.4904509,0.8551429,0.9222803,0.0234,0.9231111,0.9216598,0.6904123,0.4690927,0.753274,0.2697862,0.4199046,0.0395,0.9123536,0.9185167,0.5765833,0.816982,0.9787874,0.0349,0.9143901,0.9189156,0.6856511,0.5147409,0.4540987,0.7789125,0.9280809,0.8697848,0.9269797,0.933991
stage3,0.5373253,0.9072581,0.0315,0.9394147,0.7620254,0.0212,0.0545,0.3591234,0.9480177,0.0822,0.4415106,0.9106993,0.0368,0.4849742,0.6974426,0.9222804,0.6746494,0.6653003,0.1197804,0.0592,0.8043075,0.6581622,0.269157,0.0541,0.3310914,0.9322029,0.8188784,0.0306,0.600539,0.3362375,0.6288182,0.0758,0.5769153,0.7464232,0.0362,0.6335679,0.8415861,0.9014016,0.0254,0.8988666,0.8960789,0.8465574,0.591268,0.7870535,0.2426319,0.6536872,0.0607,0.9014121,0.8940548,0.72336,0.8487391,0.975203,0.0362,0.8996328,0.9809021,0.5220439,0.5188185,0.4793928,0.637145,0.8031731,0.9206142,0.9158066,0.9687175
stage3,0.7828445,0.9035938,0.1773058,0.9489378,0.743957,0.0216,0.0495,0.4236915,0.9045998,0.085,0.314973,0.9100413,0.0438,0.6599685,0.6350596,0.9070002,0.7005508,0.5073813,0.0729,0.0468,0.8191942,0.556936,0.2832972,0.0378,0.3918956,0.9253598,0.9194941,0.0306,0.5013406,0.3764216,0.575249,0.238632,0.9198532,0.7968405,0.0343,0.7172628,0.8228724,0.9090175,0.0304,0.9287914,0.8949939,0.8446111,0.361729,0.8089501,0.3986703,0.7883965,0.0449,0.8849693,0.9041555,0.9094103,0.8802785,0.9759387,0.0361,0.9137067,0.9825975,0.6450591,0.5173816,0.6915817,0.6267805,0.9065667,0.872373,0.9078611,0.961451
stage3,0.3529639,0.8926457,0.0515,0.9694848,0.6625142,0.0205,0.0447,0.4111594,0.8861678,0.0923,0.6867074,0.902602,0.0502,0.6640172,0.7102783,0.9372282,0.6016982,0.5321501,0.0914,0.0322,0.8444668,0.7242595,0.2559203,0.0527,0.351169,0.9283032,0.8257424,0.0364,0.6508986,0.3207136,0.7244981,0.0915,0.5934322,0.7324051,0.0335,0.5945312,0.8764813,0.9375439,0.0234,0.9173219,0.9231048,0.839029,0.4119814,0.7839424,0.3944558,0.44447,0.0483,0.9042599,0.9325902,0.8952449,0.8697049,0.9841324,0.0275,0.9185017,0.9867291,0.6748033,0.4421219,0.5069118,0.6648926,0.8266654,0.8221917,0.9199704,0.9200494
stage3,0.4712193,0.8871582,0.0405,0.9642329,0.5966892,0.0169,0.0505,0.2657665,0.9309476,0.1005995,0.5029598,0.9055635,0.0483,0.3509722,0.7117006,0.9215678,0.7484982,0.4304004,0.1672132,0.0579,0.8481215,0.706449,0.2919802,0.0512,0.308849,0.9423746,0.9112403,0.0335,0.3762462,0.3638695,0.5680801,0.12548,0.4761501,0.830455,0.0412,0.4539691,0.8508008,0.9041723,0.0231,0.8697814,0.8349409,0.8893499,0.4771111,0.873675,0.3621219,0.502873,0.161525,0.9525194,0.9115411,0.8797639,0.8486129,0.9770682,0.0242,0.9281334,0.9830176,0.4335494,0.3859167,0.3020288,0.7709463,0.7935769,0.9161782,0.9313835,0.9639609
stage3,0.3458922,0.8968637,0.049,0.9730649,0.7306609,0.0185,0.0514,0.2072324,0.9253726,0.0732,0.3949696,0.9248348,0.0509,0.642006,0.7184129,0.9108316,0.7090787,0.5835325,0.2585194,0.0333,0.8096083,0.5156636,0.2732065,0.0633,0.3124988,0.9466133,0.8128338,0.0329,0.2574427,0.2948549,0.7797494,0.0957,0.6819607,0.663359,0.0446,0.8657238,0.8256084,0.9364853,0.0225,0.8603283,0.9241525,0.7559623,0.2963194,0.748089,0.2134918,0.3301824,0.0411,0.8786646,0.9225404,0.6101587,0.8601749,0.9791534,0.0249,0.9021974,0.98156,0.5882903,0.3923249,0.8202917,0.7887491,0.8984576,0.9141354,0.9339407,0.9632753
stage3,0.3024925,0.9588617,0.4773537,0.9722996,0.8703891,0.0218,0.0664,0.297234,0.9429447,0.2005541,0.6068602,0.9331121,0.0578,0.5039335,0.8333081,0.9446092,0.8181331,0.8147508,0.2026571,0.0498,0.908583,0.5974938,0.2882671,0.0244,0.1816997,0.9542198,0.9550222,0.0368,0.2117151,0.3096846,0.8410519,0.29242,0.3423732,0.8772281,0.0376,0.7028065,0.9149337,0.9493899,0.0226,0.9565757,0.9101304,0.9291002,0.2659236,0.8893305,0.2986048,0.6004803,0.0461,0.9533007,0.9564424,0.7138648,0.9127736,0.9837563,0.032,0.9474751,0.9035751,0.6551297,0.3863303,0.4161166,0.8075009,0.6737899,0.9608429,0.9555573,0.9771
stage3,0.6873158,0.9330572,0.05,0.9728135,0.6494156,0.0238,0.0747,0.8948185,0.9747134,0.0977,0.6568744,0.6171328,0.0504,0.8027586,0.8411615,0.9291114,0.4914148,0.5150835,0.0885,0.0477,0.9016168,0.8571582,0.2414359,0.0445,0.9465524,0.9650885,0.9389113,0.0278,0.679719,0.3717918,0.8031905,0.0877,0.7313921,0.565788,0.025,0.7408493,0.9000348,0.9604536,0.0177,0.956286,0.964072,0.5959905,0.3263593,0.6364942,0.8800332,0.4437494,0.0289,0.956251,0.9216562,0.923577,0.9361675,0.9853298,0.0253,0.9462771,0.9858508,0.7736618,0.8447117,0.7899572,0.869441,0.9269121,0.9032313,0.9374629,0.9839754
stage3,0.1837853,0.9346284,0.0553,0.9066298,0.9225575,0.0193,0.0696,0.5801504,0.9638963,0.0786,0.2017153,0.9506889,0.0433,0.778634,0.7961102,0.9413339,0.7633879,0.2682931,0.1274196,0.0513,0.9052497,0.7312467,0.2726661,0.0517,0.1298918,0.94624,0.9405512,0.0403,0.3462298,0.7494478,0.8317347,0.1042307,0.9141574,0.8451169,0.0413,0.8929264,0.8934487,0.9622179,0.0233,0.9413555,0.9244962,0.9050273,0.2296536,0.8785942,0.1548856,0.4672948,0.0384,0.963547,0.9565955,0.9633696,0.8917455,0.9703855,0.0227,0.9482375,0.9900391,0.8338408,0.5025012,0.5342635,0.8299005,0.9233888,0.9538265,0.9369368,0.974702
stage3,0.7065561,0.9281635,0.0433,0.9661109,0.7107685,0.0221,0.0553,0.3931817,0.9587672,0.0865,0.4298843,0.9264323,0.0311,0.6527604,0.6622669,0.9363767,0.6487623,0.6920677,0.0635,0.0427,0.8311717,0.5169649,0.2603845,0.038,0.462202,0.9643003,0.9024017,0.0265,0.5803157,0.4469631,0.5893659,0.0648,0.6771785,0.8471287,0.0269,0.7974769,0.8502699,0.9268555,0.0224,0.9226957,0.9487877,0.8059202,0.5865871,0.7695264,0.3771315,0.5797375,0.0595,0.9232193,0.9313671,0.8172453,0.9381623,0.9879469,0.0257,0.9197297,0.9745112,0.6889688,0.6095621,0.566156,0.767238,0.9467618,0.8700599,0.9252858,0.9730643
stage3,0.438153,0.8995266,0.0443,0.9476591,0.8370021,0.0237,0.0607,0.2615235,0.921151,0.0765,0.2962153,0.9089636,0.0445,0.7410455,0.6805922,0.8834374,0.6792371,0.6886872,0.1333749,0.034,0.7995458,0.4886335,0.297152,0.0375,0.3704455,0.9274621,0.8350724,0.0313,0.8883273,0.3632675,0.59123,0.0652,0.9205667,0.7538972,0.0388,0.8522558,0.8045714,0.8844055,0.0227,0.9204122,0.9253278,0.8789093,0.53677,0.7915785,0.341712,0.8391484,0.0527,0.9000313,0.9122845,0.9190379,0.886273,0.9728998,0.0464,0.8702281,0.9853255,0.9290997,0.505434,0.9286304,0.6601312,0.8802549,0.8676009,0.9318362,0.9236015
stage3,0.6522458,0.8953583,0.059,0.9334492,0.6632697,0.0221,0.0828,0.436313,0.8430097,0.1173984,0.4044997,0.7995539,0.048,0.7033147,0.6684449,0.9105306,0.5700581,0.8452328,0.1031949,0.0687,0.8138117,0.8449933,0.249514,0.0694,0.7826994,0.9343422,0.8617879,0.0361,0.8001957,0.4009591,0.6262532,0.0468,0.7499764,0.7462064,0.0483,0.6688312,0.7298986,0.8850786,0.0355,0.7609197,0.8593188,0.810044,0.5899188,0.8247354,0.2938575,0.8531881,0.0952,0.9246587,0.9330458,0.8454589,0.8061531,0.9761601,0.0341,0.9158225,0.9256479,0.8729101,0.5211523,0.576396,0.7156726,0.9054447,0.9223604,0.8982702,0.936102
stage3,0.7013017,0.9130673,0.0342,0.9681441,0.9007358,0.0145,0.0621,0.7450867,0.9727731,0.1047739,0.3736306,0.9387197,0.0287,0.7893169,0.7543098,0.9087038,0.7084442,0.8360787,0.1047548,0.0419,0.8340572,0.5739575,0.224326,0.0212,0.5689811,0.9430287,0.9000723,0.0289,0.8550573,0.5034223,0.7483372,0.0642,0.9083409,0.8137372,0.0243,0.8745861,0.8940363,0.976879,0.0199,0.9280683,0.9420914,0.8963045,0.7184455,0.8595851,0.5496294,0.6386699,0.0563,0.9372922,0.8917481,0.9190599,0.9467019,0.9881654,0.0359,0.9447518,0.9898414,0.7049335,0.6369409,0.9459044,0.8497412,0.8295706,0.9167548,0.9332137,0.9831611
stage3,0.2704316,0.9245551,0.0357,0.960869,0.773835,0.0221,0.0841,0.2041586,0.9418105,0.1427164,0.5094401,0.8726437,0.0442,0.2763764,0.7485938,0.9176863,0.7087814,0.5965603,0.0534,0.0517,0.8502423,0.763065,0.2610563,0.0342,0.267226,0.9381992,0.8977497,0.0399,0.3059077,0.2994401,0.7341631,0.0814,0.5483958,0.7289009,0.0573,0.4450478,0.8491798,0.945682,0.0415,0.884066,0.8605697,0.8513487,0.3729657,0.8260867,0.3726789,0.5774915,0.042,0.9555025,0.9407464,0.8778344,0.8222814,0.9805535,0.0295,0.9070944,0.9838703,0.5958441,0.4413719,0.1972501,0.6432712,0.7921223,0.9006798,0.9141878,0.9525863
stage3,0.297505,0.9134181,0.0513,0.9672344,0.8348361,0.0224,0.0481,0.2566344,0.9658371,0.1062003,0.1853056,0.8540885,0.0492,0.6918891,0.6779316,0.9046952,0.7060714,0.8984178,0.0904,0.0522,0.8595544,0.6323778,0.2665674,0.0443,0.3553804,0.9485565,0.91665,0.0325,0.6324722,0.3043811,0.4355046,0.0558,0.9052961,0.485554,0.04,0.8425444,0.8322883,0.9106065,0.0214,0.3925322,0.9350389,0.6839241,0.7852318,0.792584,0.2623864,0.5760176,0.0499,0.8977248,0.9416529,0.9114561,0.8448487,0.9820298,0.024,0.9330211,0.9626676,0.5844069,0.485888,0.7639928,0.5891893,0.899259,0.910277,0.9324169,0.9823473
stage3,0.4350889,0.9377167,0.0448,0.7453293,0.6527417,0.0267,0.0609,0.1891221,0.4861973,0.0799,0.2336326,0.4201796,0.043,0.516558,0.4663957,0.9406764,0.4052167,0.7198338,0.0664,0.0504,0.8341819,0.7232418,0.2452843,0.0658,0.600661,0.9364537,0.2480536,0.0328,0.3545538,0.3071679,0.7719363,0.0884,0.5620635,0.6643317,0.0396,0.6819781,0.8561217,0.9030602,0.0204,0.9253517,0.9146386,0.5861385,0.4891754,0.846237,0.3212516,0.34299,0.0412,0.9360804,0.9286463,0.8353501,0.8341352,0.8442069,0.0208,0.9289498,0.9679534,0.3953547,0.3722416,0.5427519,0.8003363,0.951625,0.6231671,0.9352686,0.8411168
stage3,0.8375021,0.8993451,0.2221663,0.967083,0.8177389,0.0275,0.0577,0.5431717,0.9650691,0.0882,0.5474116,0.855937,0.0476,0.7479625,0.6941255,0.9222946,0.7506427,0.8181967,0.1780134,0.0507,0.8960837,0.7915358,0.2296961,0.0407,0.5211017,0.9286367,0.9316534,0.0332,0.795536,0.4496891,0.7283211,0.0611,0.8643088,0.8393934,0.033,0.8269167,0.8190978,0.9525043,0.0249,0.8827077,0.8690951,0.8573748,0.5565079,0.8312374,0.5676694,0.731547,0.2098678,0.9357709,0.9017427,0.8342144,0.8490086,0.9786816,0.0357,0.9335362,0.9805183,0.5990468,0.5584086,0.8154398,0.7738202,0.9076388,0.9025913,0.9207871,0.9753181
stage3,0.1728062,0.9455146,0.0443,0.9601273,0.8447523,0.0239,0.0576,0.0553,0.9512056,0.1084162,0.1817492,0.9230002,0.0472,0.3787389,0.7855907,0.9307548,0.5272716,0.1990796,0.0993,0.0456,0.8597572,0.7962621,0.2694312,0.0795,0.8922774,0.9310748,0.7779449,0.0289,0.6954604,0.3969147,0.7075941,0.0311,0.9155654,0.5442008,0.0425,0.7795987,0.7604503,0.8557398,0.0309,0.8891094,0.9085114,0.8720268,0.1084172,0.6608649,0.7106322,0.5396771,0.0318,0.9010175,0.898496,0.8991987,0.8522397,0.9749013,0.0293,0.8037475,0.9862319,0.5086326,0.6605881,0.1142677,0.7673953,0.8167892,0.9161067,0.8967607,0.9484065
stage3,0.6254995,0.9157821,0.0535,0.9487913,0.8269271,0.0216,0.0423,0.401507,0.887308,0.1814057,0.513832,0.9093043,0.0985,0.7016833,0.5885953,0.9154685,0.6321202,0.7748731,0.0896,0.0489,0.8785278,0.4693998,0.2861127,0.1963642,0.674326,0.9554603,0.9128161,0.027,0.3389238,0.37956,0.4946935,0.0408,0.8613526,0.8177618,0.0359,0.8488429,0.7669373,0.9211072,0.022,0.9017146,0.9375427,0.7276671,0.7819738,0.7754046,0.3567028,0.5441209,0.067,0.9396571,0.8977033,0.7462253,0.9059006,0.9823606,0.0265,0.9437016,0.9734698,0.9439401,0.6716163,0.8762873,0.7450109,0.2531788,0.8822795,0.9356068,0.9539349
stage3,0.8290364,0.9399008,0.0636,0.9628438,0.7120218,0.0195,0.0551,0.4611146,0.9580121,0.0858,0.3868127,0.9471695,0.0444,0.7837523,0.6749099,0.9242307,0.7240462,0.8669802,0.0561,0.0445,0.8323581,0.6995795,0.2691863,0.0325,0.8241891,0.9377121,0.861905,0.028,0.8835112,0.6211547,0.7356909,0.0292,0.9400266,0.8291909,0.0255,0.8997212,0.8482559,0.9451331,0.0219,0.8960002,0.9550496,0.8596976,0.8500973,0.8129963,0.5241483,0.895804,0.0616,0.9127339,0.9326737,0.9302683,0.929036,0.9851728,0.0248,0.9346863,0.9870113,0.9106237,0.7322643,0.9307875,0.806337,0.9481272,0.9314125,0.9185517,0.9860755
stage3,0.2446593,0.9093384,0.0339,0.9630753,0.6959625,0.0251,0.0361,0.2640319,0.9495203,0.0636,0.229482,0.8355159,0.0395,0.3581895,0.6789249,0.9208862,0.4590163,0.420977,0.0458,0.057,0.8001604,0.4522144,0.2535532,0.0661,0.3334306,0.9525292,0.8867759,0.0539,0.1972106,0.337211,0.4207482,0.2007423,0.347714,0.6991455,0.0405,0.3546381,0.8731699,0.9298823,0.026,0.8739095,0.8149158,0.9204361,0.4108071,0.8257431,0.2463242,0.6358505,0.0353,0.9430891,0.8869955,0.4042659,0.8855569,0.9793506,0.0333,0.9494103,0.9851983,0.9181239,0.4415719,0.4380307,0.8504577,0.8696951,0.925746,0.950444,0.9732593
stage3,0.4189231,0.9039772,0.045,0.9647092,0.9289779,0.0226,0.0441,0.2216011,0.9714705,0.0887,0.2382551,0.8998503,0.0401,0.801668,0.7504409,0.9580489,0.7077956,0.4751429,0.0602,0.0409,0.8269437,0.8422901,0.2682361,0.0305,0.9121235,0.9404153,0.8531501,0.0368,0.711188,0.6587699,0.7512063,0.0793,0.9317746,0.6401468,0.0371,0.9164793,0.8796041,0.9431111,0.0222,0.4484369,0.9468424,0.7405059,0.8623663,0.6217661,0.3308952,0.8537273,0.0434,0.9241951,0.922873,0.923406,0.8857778,0.9835726,0.0259,0.9339912,0.9501652,0.417064,0.4582275,0.943237,0.8382047,0.9440206,0.9333061,0.9247461,0.9798289
stage3,0.4683395,0.8925273,0.0364,0.9447065,0.8641709,0.0225,0.0536,0.4226577,0.9286129,0.0876,0.4482266,0.9354607,0.0354,0.7463501,0.7076739,0.9063622,0.6501587,0.6844026,0.1248227,0.0418,0.825976,0.6140873,0.2812913,0.0408,0.405914,0.9234915,0.9381139,0.0278,0.5049344,0.3290305,0.4143377,0.067,0.8184501,0.8305308,0.028,0.8301031,0.8612071,0.9276713,0.0248,0.9143896,0.9436183,0.7558107,0.5874975,0.8399573,0.3536597,0.4787623,0.0495,0.9063661,0.8997233,0.8717305,0.8951765,0.9796399,0.0344,0.9130081,0.9870118,0.5211783,0.7186569,0.722137,0.714352,0.9127355,0.8703289,0.93729,0.9744344
stage3,0.3705097,0.8998729,0.0382,0.9558237,0.8290686,0.0263,0.0563,0.3870642,0.9360988,0.098,0.2215254,0.8889756,0.0358,0.5812192,0.7102042,0.9223191,0.7584474,0.4332123,0.2574218,0.0444,0.8358902,0.3868088,0.2644581,0.037,0.8504027,0.9314565,0.9041394,0.0278,0.3259892,0.3021878,0.671758,0.1494664,0.5704059,0.8734158,0.0309,0.5801163,0.8947617,0.947314,0.0241,0.9068246,0.8877278,0.8536915,0.2189179,0.7846793,0.2826025,0.2966247,0.0316,0.942771,0.9224046,0.9183009,0.8420655,0.9708115,0.033,0.9023706,0.9819484,0.6535973,0.4261572,0.4116818,0.7690089,0.8080019,0.9277585,0.9298547,0.9204099
stage3,0.805109,0.9509244,0.0709,0.9594659,0.8306175,0.0194,0.0656,0.3893486,0.9568462,0.1474506,0.4660114,0.9151361,0.0567,0.7524771,0.6769932,0.9445892,0.755819,0.6651669,0.1712844,0.0348,0.8902798,0.494981,0.2811364,0.025,0.8422918,0.9379489,0.9424089,0.0361,0.7075632,0.4593846,0.7653861,0.503766,0.8993089,0.8565284,0.0444,0.9119855,0.8738102,0.9424855,0.0271,0.9366605,0.9138567,0.8226542,0.8015245,0.6491679,0.3515669,0.5538279,0.0681,0.9400984,0.9573042,0.9189794,0.8923973,0.9824418,0.03,0.9393353,0.9885165,0.7597678,0.6996954,0.600995,0.8177589,0.8346945,0.9268461,0.9394169,0.9765636
stage3,0.6720407,0.9025391,0.0716,0.6919976,0.5623882,0.0276,0.052,0.1807447,0.910889,0.0967,0.3553563,0.5838698,0.0377,0.4983428,0.6018194,0.9197822,0.4146297,0.5360542,0.0577,0.0501,0.8266141,0.5714912,0.27326,0.046,0.8778335,0.9304443,0.2811088,0.0346,0.3068872,0.3704111,0.5765234,0.0734,0.529666,0.626465,0.0366,0.5942799,0.7760503,0.9332934,0.0276,0.877686,0.9081774,0.6093199,0.4499219,0.7687825,0.371767,0.4157029,0.057,0.9154692,0.9190245,0.8190575,0.8549305,0.8223844,0.0249,0.9379952,0.9745178,0.9163466,0.4515401,0.5881019,0.7641517,0.591422,0.4852796,0.9505493,0.9209545
stage3,0.4260313,0.9132659,0.3497596,0.9419093,0.7350954,0.0206,0.0582,0.5884687,0.9461125,0.1058332,0.4465851,0.9079557,0.0641,0.7661776,0.7964174,0.9118582,0.6355709,0.5519394,0.1389315,0.0387,0.8817236,0.5268866,0.2692419,0.0658,0.401951,0.931575,0.9102881,0.0317,0.6998167,0.4014755,0.7744947,0.2796136,0.6113931,0.8409463,0.0286,0.9281965,0.8917629,0.9445202,0.0204,0.9444628,0.9253345,0.9015026,0.5451634,0.8748866,0.3862157,0.5156484,0.0593,0.9384584,0.9164281,0.8505821,0.9303191,0.9832636,0.0334,0.943354,0.9880927,0.8186506,0.5237832,0.7984958,0.7379421,0.9415794,0.9224371,0.9446404,0.9823105
stage4a,0.4775343,0.8951888,0.0716,0.9415985,0.6153237,0.0174,0.0728,0.2674922,0.9180804,0.0863,0.4299979,0.9272135,0.0375,0.7929474,0.6119102,0.9279911,0.7137929,0.2933187,0.3585101,0.0564,0.6768191,0.276838,0.2898048,0.1128505,0.5372638,0.9266826,0.9200111,0.0319,0.5555259,0.5345865,0.7168666,0.0313,0.7834406,0.7185863,0.0312,0.8522964,0.7707969,0.9286891,0.0235,0.8500828,0.907708,0.8510499,0.5514857,0.8213495,0.1623986,0.8390159,0.047,0.9220134,0.8974155,0.8594985,0.8440665,0.9574433,0.0258,0.9194426,0.8105557,0.6357064,0.8167072,0.6984322,0.6128564,0.918684,0.8843813,0.9265358,0.9668568
stage4a,0.7144676,0.8698707,0.0443,0.9583636,0.4800332,0.0184,0.0432,0.57393,0.9196892,0.0644,0.1601944,0.7882223,0.0325,0.7441818,0.5390052,0.9291613,0.5803816,0.4544297,0.0611,0.0604,0.7884556,0.6890211,0.270207,0.0639,0.6823322,0.9175885,0.8198877,0.0313,0.8150477,0.4116939,0.7302299,0.0404,0.9144821,0.6994337,0.0328,0.8645847,0.7578211,0.9211926,0.0219,0.8493192,0.885133,0.7554066,0.5823805,0.7110858,0.3681262,0.6517805,0.0368,0.9292911,0.895812,0.8754155,0.8329446,0.983356,0.0252,0.89899,0.7554087,0.5619497,0.556074,0.6777775,0.6364305,0.8973215,0.7873256,0.8938805,0.9630063
stage4a,0.7083131,0.8199553,0.1705835,0.9346578,0.7109971,0.0255,0.0588,0.4189189,0.7740041,0.0763,0.3302549,0.7910816,0.065,0.6794002,0.6074698,0.9199987,0.5840523,0.7229938,0.058,0.0642,0.7496447,0.692461,0.2444485,0.1051967,0.6891014,0.9217394,0.895376,0.0389,0.8661348,0.5081281,0.6003427,0.0394,0.9212057,0.7468223,0.0318,0.8303664,0.7771609,0.9226597,0.0325,0.8468842,0.880532,0.7756362,0.6874077,0.678405,0.5156686,0.8654967,0.079,0.9148241,0.9047356,0.8579992,0.8270695,0.9785328,0.0308,0.9083247,0.9263761,0.6395952,0.6642122,0.8520163,0.735719,0.9378523,0.9129272,0.9423876,0.8718978
stage4a,0.7261419,0.9363473,0.0427,0.3285858,0.5619976,0.0255,0.0548,0.5151356,0.552954,0.0581,0.1239603,0.5179996,0.0488,0.7290917,0.4391619,0.9352328,0.4602688,0.5224881,0.0501,0.0594,0.5431905,0.6155326,0.2783097,0.0618,0.7608971,0.7548365,0.847856,0.0382,0.7015155,0.5630742,0.7154222,0.0453,0.9265654,0.7028729,0.0344,0.8575948,0.7388507,0.5478612,0.0299,0.8619754,0.8733574,0.7749596,0.4977768,0.576394,0.4550344,0.6251706,0.0359,0.8504621,0.9164633,0.6412036,0.5418029,0.4481867,0.0334,0.9103832,0.3996576,0.4935599,0.6264197,0.842119,0.6738377,0.9021317,0.7109123,0.9361655,0.6032616
stage4a,0.5150009,0.8894652,0.0634,0.9089921,0.5585156,0.0248,0.0527,0.4511375,0.6277846,0.0914,0.2201442,0.6138129,0.0522,0.7554737,0.5774939,0.9372507,0.5064336,0.5961102,0.0632,0.047,0.8446924,0.5162374,0.2332474,0.0574,0.5234435,0.9407341,0.528727,0.0295,0.7588552,0.424523,0.6651135,0.05,0.8479512,0.5463286,0.0316,0.8555799,0.5990203,0.919381,0.0221,0.9016661,0.9290787,0.6397609,0.7145312,0.7245126,0.4252524,0.6724127,0.0405,0.8454857,0.928734,0.8955512,0.7440378,0.9723341,0.0195,0.922958,0.761778,0.7635769,0.5549176,0.7719067,0.7869394,0.8750488,0.6512885,0.9299492,0.5673747
stage4a,0.6852226,0.8724747,0.0563,0.7425838,0.5677626,0.0227,0.055,0.4508653,0.677361,0.0665,0.2548208,0.7628668,0.041,0.7930654,0.684083,0.9110659,0.4964043,0.5606338,0.081,0.0855,0.6765402,0.6706134,0.2612925,0.100197,0.6116269,0.9447173,0.8868538,0.0264,0.6136892,0.4741246,0.5585704,0.2842265,0.7218533,0.5952063,0.0317,0.6618482,0.6347549,0.9062618,0.0292,0.8694822,0.9200701,0.6913478,0.759804,0.7695237,0.4361425,0.7989019,0.0481,0.9094246,0.9324139,0.9047717,0.6995893,0.9158187,0.0444,0.9027463,0.5369284,0.7672735,0.6437619,0.6478139,0.6389618,0.9336868,0.8263162,0.9111472,0.9085774
stage4a,0.6543011,0.8539805,0.1517954,0.9653605,0.5829099,0.0168,0.0859,0.4867919,0.7265942,0.0656,0.2052927,0.7992773,0.0395,0.7877587,0.6552056,0.925178,0.4729265,0.6263693,0.0692,0.0575,0.8006356,0.5484419,0.2818603,0.1198218,0.5891899,0.9459341,0.718868,0.0355,0.884704,0.5802335,0.5294677,0.0362,0.9377876,0.7250763,0.0347,0.832396,0.7838015,0.918775,0.0202,0.8405282,0.896849,0.7277175,0.759421,0.7992588,0.4462479,0.8893941,0.0562,0.9191421,0.907163,0.8724312,0.8565073,0.9794189,0.0268,0.8950972,0.9702926,0.904438,0.5611759,0.9381187,0.8373024,0.917782,0.8749314,0.9313237,0.893704
stage4a,0.6285814,0.8933559,0.0468,0.3699606,0.4746834,0.018,0.0786,0.3830538,0.9296641,0.0876,0.2597673,0.9158185,0.0471,0.8090567,0.6376044,0.9062689,0.6758003,0.4821921,0.100513,0.0801,0.7702247,0.8314183,0.3172685,0.085,0.8583002,0.9502364,0.8924184,0.0272,0.9098218,0.5878565,0.4806154,0.2181293,0.9495861,0.6239256,0.0347,0.8768879,0.8188799,0.9343365,0.0261,0.4121527,0.8854886,0.8389298,0.5944116,0.6560611,0.3866177,0.7584351,0.0571,0.9276259,0.9119048,0.8764768,0.8452643,0.4766034,0.0233,0.9152836,0.9791517,0.4899334,0.6295288,0.9119912,0.6985115,0.85098,0.7747157,0.9505163,0.9430383
stage4a,0.4856374,0.8909307,0.043,0.6330428,0.8496173,0.0233,0.0708,0.3606685,0.9057971,0.0769,0.3014264,0.8521596,0.0466,0.7261621,0.7050155,0.9156734,0.6729934,0.6104896,0.0806,0.0671,0.776608,0.5325573,0.2646148,0.0572,0.6320069,0.9346332,0.8935627,0.0316,0.8732262,0.4624022,0.6275081,0.079,0.9276415,0.7848942,0.0329,0.8400247,0.7954535,0.9033858,0.0194,0.8507778,0.8903314,0.8778248,0.6139085,0.7675724,0.3948356,0.6979313,0.0601,0.9048502,0.8839954,0.8020734,0.8262775,0.8202673,0.0304,0.8923119,0.9816952,0.9390366,0.6727062,0.9247983,0.8305222,0.9386554,0.8663547,0.9467496,0.9390376
stage4a,0.6325911,0.8675323,0.2116532,0.970041,0.5450117,0.0181,0.0595,0.5486377,0.8582108,0.1007447,0.2615837,0.7281139,0.0352,0.7466119,0.6158881,0.9358068,0.6419998,0.4744157,0.059,0.0421,0.8383996,0.5754061,0.2552848,0.0351,0.8047584,0.9521345,0.8859746,0.0291,0.7053782,0.4524899,0.6129833,0.0539,0.8929812,0.7204899,0.0239,0.8977992,0.7650865,0.9166913,0.0197,0.5497827,0.9425899,0.7083034,0.7674495,0.8183542,0.4673489,0.8772772,0.0523,0.9202111,0.9124082,0.89813,0.9131092,0.9872176,0.0296,0.935659,0.9890625,0.5125897,0.7250457,0.8981853,0.6765035,0.9219097,0.9161358,0.9317314,0.9656415
stage4a,0.5220041,0.9004133,0.0449,0.444622,0.6412483,0.0266,0.049,0.4441241,0.7320028,0.0778,0.2759699,0.756889,0.0576,0.7432287,0.6592945,0.9195593,0.621188,0.6726474,0.0599,0.0384,0.7773847,0.6349718,0.2962519,0.0632,0.9021515,0.9396708,0.8187124,0.0367,0.8872796,0.4736895,0.708614,0.0887,0.871497,0.6640695,0.0308,0.8571228,0.8046566,0.887645,0.0249,0.3890441,0.9387587,0.8654175,0.5812598,0.8011851,0.3411638,0.7635518,0.0549,0.8848594,0.9426942,0.8889954,0.8561752,0.6036332,0.0294,0.9292991,0.8366824,0.5237492,0.571721,0.8227915,0.5979091,0.9408608,0.7983157,0.9488928,0.9755167
stage4a,0.7711589,0.8988427,0.065,0.9575008,0.7772653,0.0169,0.0626,0.472365,0.8853522,0.0723,0.2392145,0.8515836,0.0346,0.5844235,0.634631,0.9056817,0.5771857,0.7787137,0.0954,0.0715,0.818418,0.5683762,0.2990257,0.0609,0.5177326,0.9429327,0.8303961,0.0284,0.8770641,0.4787683,0.545278,0.0311,0.8757923,0.808939,0.0336,0.8576481,0.7889516,0.9172131,0.0276,0.8333905,0.8782422,0.8450123,0.6158632,0.8072463,0.4719853,0.8951685,0.1292011,0.9243707,0.8992575,0.8164962,0.8329655,0.9821935,0.0247,0.9125711,0.8564707,0.5221511,0.591918,0.7095575,0.7483395,0.8134596,0.9161099,0.942806,0.9414432
stage4a,0.8597362,0.8879982,0.0592,0.9469516,0.5832724,0.0165,0.0358,0.501476,0.9357242,0.0885,0.3262291,0.7623691,0.0399,0.7635542,0.6978493,0.9230441,0.6254384,0.6660944,0.0994,0.0613,0.8702111,0.4670412,0.2556332,0.0508,0.5485896,0.9329602,0.8885775,0.0335,0.8855397,0.4687422,0.4235074,0.0527,0.9230352,0.733209,0.03,0.8813821,0.8146202,0.66018,0.0292,0.6336175,0.8857289,0.6810562,0.6627311,0.8722491,0.4195015,0.8623208,0.0464,0.8880416,0.9198651,0.8738993,0.7743737,0.980666,0.027,0.8927644,0.6020708,0.5502723,0.6807379,0.9253548,0.5564346,0.9328256,0.8176462,0.9406298,0.8826765
stage4a,0.8318201,0.9217257,0.0565,0.4946454,0.489909,0.0199,0.0636,0.3531588,0.942172,0.592623,0.2794361,0.4370383,0.0577,0.6355141,0.7553589,0.9111954,0.4486457,0.6190323,0.0346,0.0601,0.9268377,0.7214082,0.2873246,0.0728,0.6129164,0.94192,0.8806362,0.0271,0.3827853,0.3620602,0.6952223,0.2913844,0.9346247,0.7745283,0.0313,0.8733904,0.8573344,0.9258362,0.0265,0.9328281,0.9345981,0.4787151,0.6900528,0.8176012,0.3440923,0.5275436,0.0621,0.9292424,0.9482222,0.8015682,0.927705,0.6414535,0.0283,0.9298169,0.4623202,0.9302936,0.7920052,0.9287544,0.6995208,0.9404802,0.941398,0.935773,0.9368278
stage4a,0.6398002,0.9158206,0.055,0.7735455,0.4916141,0.0219,0.0689,0.356326,0.5978656,0.1031233,0.2012131,0.7364457,0.0528,0.6412848,0.5618406,0.9302843,0.4215914,0.503655,0.0606,0.0405,0.7583775,0.584863,0.2863027,0.0644,0.4848912,0.9589003,0.4221819,0.0264,0.528996,0.3644644,0.6467013,0.1512829,0.7913329,0.3886654,0.036,0.8516662,0.5883377,0.9062208,0.0231,0.9120893,0.9585818,0.5904364,0.497517,0.7035517,0.3018695,0.5076569,0.0515,0.914317,0.9243356,0.9061417,0.896226,0.9261768,0.03,0.9247832,0.4919184,0.3968236,0.6307426,0.7044968,0.7766638,0.9272161,0.5967937,0.9346,0.5096702
stage4a,0.5676102,0.8983024,0.0636,0.9166909,0.7245509,0.0236,0.0551,0.5202857,0.9296351,0.125162,0.2880696,0.8166319,0.0781,0.479366,0.5602473,0.8885473,0.6325492,0.6509568,0.0638,0.0351,0.7395179,0.5339368,0.2345443,0.0575,0.635824,0.9292201,0.7050284,0.0327,0.7925727,0.4476511,0.6632817,0.0526,0.9090124,0.7416226,0.0303,0.8677821,0.8005433,0.8838543,0.0291,0.926592,0.9158902,0.6326372,0.6798013,0.7498645,0.5993868,0.5848174,0.0719,0.9199214,0.8485387,0.8022624,0.822733,0.9706792,0.0285,0.8875218,0.9293718,0.5700653,0.5212504,0.6265718,0.6037401,0.7731053,0.7787535,0.9103228,0.9325716
stage4a,0.7458152,0.9456332,0.0501,0.6422044,0.8443874,0.0118,0.0622,0.5353632,0.9681562,0.1354044,0.1950956,0.8369167,0.0231,0.7742256,0.7825723,0.9427755,0.6827087,0.7230462,0.0532,0.0476,0.8688872,0.7551261,0.1907469,0.0612,0.7831869,0.941195,0.916537,0.0304,0.6276035,0.5044514,0.7168596,0.2213691,0.8838494,0.8237947,0.0284,0.8745206,0.9010297,0.9720114,0.0251,0.9099221,0.9474448,0.8890879,0.6649158,0.7715393,0.4790878,0.7107403,0.0458,0.9401607,0.935122,0.8975924,0.8685804,0.8756362,0.0295,0.9350029,0.9903766,0.6040507,0.803991,0.8487253,0.7523035,0.8654247,0.9020598,0.950733,0.976109
stage4a,0.2687,0.9002688,0.0916,0.948321,0.4356238,0.0306,0.0603,0.4994351,0.7104486,0.0838,0.1804556,0.5604029,0.0701,0.7562737,0.6234704,0.897859,0.4581961,0.3618336,0.0623,0.0526,0.8294099,0.6978701,0.2646131,0.0335,0.2808915,0.9227265,0.4676758,0.0264,0.4638773,0.5877376,0.764708,0.0665,0.9116387,0.4424287,0.0421,0.77546,0.8842233,0.8933698,0.0302,0.8903362,0.9176986,0.3451181,0.2837533,0.6426553,0.2337,0.6010115,0.0383,0.8641607,0.891864,0.8540037,0.9248923,0.9765577,0.0303,0.9271523,0.41937,0.5064702,0.7583181,0.6460447,0.6957094,0.871274,0.5895073,0.9180172,0.6327295
stage4a,0.2955845,0.899919,0.0371,0.5832839,0.6362024,0.0173,0.0542,0.4455384,0.9674232,0.0663,0.2326273,0.8106556,0.0481,0.8233057,0.5711865,0.9397521,0.5881365,0.3659638,0.0471,0.0388,0.7783767,0.5499734,0.2384922,0.0216,0.2335616,0.9307872,0.8875211,0.0303,0.1664578,0.4346488,0.6866029,0.0598,0.894935,0.7080914,0.0293,0.8760989,0.8768575,0.9492526,0.0201,0.8686922,0.899272,0.8889606,0.537567,0.7545979,0.2204013,0.8121218,0.0516,0.8711065,0.9085814,0.8736502,0.833293,0.8057322,0.0301,0.865972,0.9885532,0.908728,0.7492448,0.339784,0.6028425,0.9347256,0.8201068,0.9307813,0.9734909
stage4a,0.7645331,0.8327614,0.0529,0.563272,0.7297456,0.0238,0.0552,0.4579356,0.754913,0.0836,0.1685866,0.6904632,0.051,0.7960567,0.5860575,0.9311618,0.5744776,0.5587097,0.0659,0.058,0.7887216,0.6241456,0.274719,0.0708,0.8420555,0.9378111,0.8580654,0.0294,0.5265373,0.5629169,0.7205984,0.0355,0.9072244,0.7397547,0.036,0.8363307,0.6939968,0.8941418,0.0291,0.836501,0.8565095,0.6642976,0.7118303,0.572022,0.4343826,0.4931865,0.057,0.905786,0.8846617,0.8812758,0.8105259,0.7494334,0.0284,0.8990976,0.7121176,0.7205386,0.7350366,0.7657104,0.8482327,0.9001657,0.8610067,0.9230148,0.9493077
stage4a,0.8030673,0.8831709,0.0455,0.2046943,0.426515,0.0158,0.0704,0.877641,0.3705398,0.0704,0.1531093,0.3984268,0.0457,0.7676645,0.3715951,0.9424828,0.3515111,0.2071294,0.0421,0.0494,0.9003075,0.3651557,0.2406203,0.0273,0.9245602,0.905459,0.7241471,0.0278,0.9018558,0.4851918,0.7942073,0.0365,0.9239233,0.3270935,0.0285,0.8998699,0.8488257,0.8975002,0.0263,0.3250562,0.8692006,0.7629857,0.685475,0.6862511,0.2362867,0.6374752,0.0353,0.9303377,0.8987476,0.9079565,0.8248645,0.3216217,0.0222,0.9121546,0.4780848,0.3565091,0.7892745,0.9125931,0.5141195,0.6193409,0.7565567,0.9328568,0.5380456
stage4a,0.5074695,0.8894574,0.0419,0.9487827,0.5008179,0.0138,0.0626,0.2739703,0.9423312,0.0602,0.3103663,0.8100188,0.0403,0.7588281,0.532992,0.9434292,0.6239549,0.6251276,0.0585,0.0521,0.6212106,0.4606721,0.2648099,0.0236,0.5886714,0.9442792,0.7898937,0.0286,0.2599419,0.4597962,0.4694203,0.0297,0.7847652,0.7681313,0.0321,0.6222523,0.7877414,0.8903684,0.0198,0.7804106,0.8585049,0.808134,0.4953774,0.5967339,0.5822765,0.6029196,0.0605,0.8032109,0.8950856,0.8642154,0.826556,0.9735008,0.0287,0.9078448,0.974334,0.5073913,0.6640081,0.7349237,0.516112,0.8763866,0.831784,0.9269012,0.961658
stage4a,0.5752882,0.9109365,0.0402,0.2878534,0.2672486,0.0251,0.0491,0.4701676,0.344385,0.093,0.11378,0.2825547,0.0555,0.7503745,0.3761657,0.9296013,0.3597282,0.3038219,0.0507,0.0506,0.6671585,0.4217977,0.2751548,0.0851,0.9179043,0.9401653,0.6261984,0.0283,0.7252449,0.4565057,0.4027101,0.0254,0.9183623,0.3408606,0.0348,0.8630042,0.4001533,0.896696,0.0297,0.2511036,0.8074458,0.5898097,0.7042906,0.3613535,0.5834455,0.5869663,0.0318,0.9096305,0.8718334,0.8837027,0.8994629,0.3609985,0.0295,0.8877054,0.9837243,0.3839752,0.456116,0.9479667,0.5549922,0.7042717,0.8182457,0.890026,0.5260248
stage4a,0.4817894,0.8460741,0.0418,0.9218344,0.6179431,0.0247,0.0504,0.2972673,0.7047639,0.0442,0.2017883,0.862221,0.0384,0.670385,0.6169051,0.9530904,0.597994,0.7202815,0.0581,0.0449,0.8492774,0.6810534,0.2167934,0.1659985,0.8588834,0.9632057,0.8695357,0.0261,0.5614484,0.392559,0.5686171,0.0371,0.6601358,0.7286224,0.034,0.82414,0.5774873,0.6865803,0.0288,0.5961919,0.8874423,0.5191769,0.4840122,0.6351178,0.4500532,0.6370884,0.0387,0.8893581,0.9135744,0.7143362,0.8327752,0.9655968,0.027,0.9258446,0.874469,0.5799722,0.5459036,0.7619158,0.4526602,0.9228852,0.8201824,0.9268672,0.8346588
stage4a,0.5634122,0.907836,0.0468,0.949592,0.8543095,0.021,0.0613,0.2948431,0.9716977,0.1366883,0.2441274,0.8750791,0.0423,0.7602906,0.6618105,0.9192999,0.6507641,0.694844,0.0866,0.0438,0.8101425,0.6102352,0.2877232,0.0803,0.6253517,0.9431584,0.8615965,0.0331,0.6532365,0.4343731,0.6958802,0.1153913,0.7967247,0.7453794,0.0316,0.8555548,0.8544756,0.9058817,0.0228,0.8536534,0.9402488,0.7512139,0.5785764,0.7546895,0.4730487,0.6401467,0.0532,0.895512,0.9010564,0.8515559,0.836282,0.9679647,0.029,0.9023154,0.5915576,0.4731482,0.5163657,0.7342303,0.7212126,0.7910072,0.8590595,0.9223842,0.9734555
stage4a,0.6321707,0.8408059,0.0812,0.6952196,0.6297394,0.0193,0.0743,0.4135201,0.8427249,0.0838,0.3106539,0.8156694,0.0391,0.7345922,0.6330745,0.9039591,0.6350702,0.6581974,0.0927,0.0469,0.727069,0.6404543,0.2811716,0.062,0.6577925,0.9320231,0.8451986,0.0307,0.7239258,0.4224424,0.5566818,0.0515,0.9034048,0.702921,0.0347,0.7578123,0.7051178,0.9182873,0.0258,0.8670353,0.9008884,0.7310952,0.5978172,0.7422828,0.4699577,0.8119988,0.0632,0.8738128,0.9452542,0.8641632,0.8307866,0.8095663,0.0383,0.9102742,0.9854356,0.6944817,0.6080898,0.7961464,0.6603454,0.8844334,0.8763006,0.8427435,0.9384128
stage4a,0.384298,0.8883143,0.0416,0.9580445,0.6210942,0.0221,0.052,0.3324303,0.9279463,0.0779,0.4054654,0.8867427,0.0452,0.6587717,0.4352111,0.9474804,0.6243267,0.4112388,0.0529,0.0413,0.781529,0.3654693,0.2742548,0.0856,0.2755417,0.9395327,0.7899592,0.0321,0.8735924,0.4329799,0.6710574,0.0343,0.8841891,0.642606,0.0294,0.8698306,0.8503505,0.9058079,0.019,0.8828944,0.8916331,0.8068725,0.2075841,0.7101858,0.5935588,0.8890277,0.04,0.9108321,0.8553696,0.8598747,0.8283162,0.9711401,0.0229,0.8515895,0.9859174,0.5644737,0.5660935,0.728489,0.638444,0.8576094,0.9373284,0.8208338,0.9390634
